{
  "mse": 0.048924140151666136,
  "psnr": 13.104767983867355,
  "avg_active": 20.0,
  "spearman_count_vs_complexity": -0.03775916044211234,
  "door_open_rate_per_layer": [
    1.0,
    0.0,
    0.0
  ],
  "per_class": {
    "tshirt": {
      "avg_active": 20.0,
      "avg_complexity": 0.06346331536769867,
      "fine_door_open": 0.0
    },
    "trouser": {
      "avg_active": 20.0,
      "avg_complexity": 0.07031971961259842,
      "fine_door_open": 0.0
    },
    "pullover": {
      "avg_active": 20.0,
      "avg_complexity": 0.09219760447740555,
      "fine_door_open": 0.0
    },
    "dress": {
      "avg_active": 20.0,
      "avg_complexity": 0.06575090438127518,
      "fine_door_open": 0.0
    },
    "coat": {
      "avg_active": 20.0,
      "avg_complexity": 0.06390656530857086,
      "fine_door_open": 0.0
    },
    "sandal": {
      "avg_active": 20.0,
      "avg_complexity": 0.10881130397319794,
      "fine_door_open": 0.0
    },
    "shirt": {
      "avg_active": 20.0,
      "avg_complexity": 0.09363473206758499,
      "fine_door_open": 0.0
    },
    "sneaker": {
      "avg_active": 20.0,
      "avg_complexity": 0.0632556602358818,
      "fine_door_open": 0.0
    },
    "bag": {
      "avg_active": 20.0,
      "avg_complexity": 0.0708729550242424,
      "fine_door_open": 0.0
    },
    "ankleboot": {
      "avg_active": 20.0,
      "avg_complexity": 0.04760727286338806,
      "fine_door_open": 0.0
    }
  },
  "matched_rate": {
    "k": 20,
    "psnr_adaptive": 13.104767703118192,
    "psnr_uniform": 12.392668889319511,
    "psnr_adaptive_plain_decile": 13.038743685536467,
    "psnr_uniform_plain_decile": 12.044811557673555,
    "psnr_adaptive_busy_decile": 13.380524385332606,
    "psnr_uniform_busy_decile": 12.803544415359116
  },
  "door_log": [
    {
      "epoch": 0,
      "lam": 0.0,
      "open_to_close": 0,
      "close_to_open": 0,
      "open_rate_per_layer": [
        1.0,
        1.0,
        1.0
      ]
    },
    {
      "epoch": 1,
      "lam": 0.0006,
      "open_to_close": 0,
      "close_to_open": 0,
      "open_rate_per_layer": [
        1.0,
        1.0,
        1.0
      ]
    },
    {
      "epoch": 2,
      "lam": 0.00025,
      "open_to_close": 256,
      "close_to_open": 0,
      "open_rate_per_layer": [
        1.0,
        1.0,
        0.0
      ]
    },
    {
      "epoch": 3,
      "lam": 0.00025,
      "open_to_close": 256,
      "close_to_open": 0,
      "open_rate_per_layer": [
        1.0,
        0.0,
        0.0
      ]
    },
    {
      "epoch": 4,
      "lam": 0.0,
      "open_to_close": 0,
      "close_to_open": 0,
      "open_rate_per_layer": [
        1.0,
        0.0,
        0.0
      ]
    },
    {
      "epoch": 5,
      "lam": 0.0,
      "open_to_close": 0,
      "close_to_open": 0,
      "open_rate_per_layer": [
        1.0,
        0.0,
        0.0
      ]
    }
  ],
  "config": {
    "data_dir": "./fmnist",
    "out": "out_smoke5",
    "limit": 2000,
    "limit_test": 600,
    "batch": 128,
    "epochs_paint": 1,
    "epochs_pop": 1,
    "epochs_prune": 2,
    "epochs_calib": 2,
    "lr": 0.002,
    "beta": 0.001,
    "lambda_pop": 0.0006,
    "lambda_door": 0.00025,
    "door_price": 0.02,
    "layer_clamp": 2.5,
    "door_mode": "sigmoid",
    "packets": "20,40,80",
    "latent": 64,
    "workers": 0,
    "cpu": false
  },
  "door_summary": {
    "total_open_to_close": 512,
    "total_close_to_open": 0,
    "two_way": false
  }
}